timestamp,Data item,Frequency,Average
"Wednesday, 25 February 2026, 4:45:00 AM NZDT to Wednesday, 25 February 2026, 4:50:00 AM NZDT",Signal group 15,1,6
"Wednesday, 25 February 2026, 5:25:00 AM NZDT to Wednesday, 25 February 2026, 5:30:00 AM NZDT",Signal group 16,1,6
"Wednesday, 25 February 2026, 6:20:00 AM NZDT to Wednesday, 25 February 2026, 6:25:00 AM NZDT",Signal group 14,1,6
"Wednesday, 25 February 2026, 6:25:00 AM NZDT to Wednesday, 25 February 2026, 6:30:00 AM NZDT",Signal group 15,1,6
"Wednesday, 25 February 2026, 6:30:00 AM NZDT to Wednesday, 25 February 2026, 6:35:00 AM NZDT",Signal group 15,1,6
"Wednesday, 25 February 2026, 6:40:00 AM NZDT to Wednesday, 25 February 2026, 6:45:00 AM NZDT",Signal group 13,1,6
"Wednesday, 25 February 2026, 6:50:00 AM NZDT to Wednesday, 25 February 2026, 6:55:00 AM NZDT",Signal group 16,1,6
"Wednesday, 25 February 2026, 7:00:00 AM NZDT to Wednesday, 25 February 2026, 7:05:00 AM NZDT",Signal group 13,1,6
"Wednesday, 25 February 2026, 7:10:00 AM NZDT to Wednesday, 25 February 2026, 7:15:00 AM NZDT",Signal group 14,1,6
"Wednesday, 25 February 2026, 7:15:00 AM NZDT to Wednesday, 25 February 2026, 7:20:00 AM NZDT",Signal group 15,1,6
"Wednesday, 25 February 2026, 7:20:00 AM NZDT to Wednesday, 25 February 2026, 7:25:00 AM NZDT",Signal group 13,1,6
"Wednesday, 25 February 2026, 7:20:00 AM NZDT to Wednesday, 25 February 2026, 7:25:00 AM NZDT",Signal group 15,1,6
"Wednesday, 25 February 2026, 7:35:00 AM NZDT to Wednesday, 25 February 2026, 7:40:00 AM NZDT",Signal group 14,1,6
"Wednesday, 25 February 2026, 7:35:00 AM NZDT to Wednesday, 25 February 2026, 7:40:00 AM NZDT",Signal group 15,1,6
"Wednesday, 25 February 2026, 7:45:00 AM NZDT to Wednesday, 25 February 2026, 7:50:00 AM NZDT",Signal group 14,1,6
"Wednesday, 25 February 2026, 7:55:00 AM NZDT to Wednesday, 25 February 2026, 8:00:00 AM NZDT",Signal group 13,1,6
"Wednesday, 25 February 2026, 7:55:00 AM NZDT to Wednesday, 25 February 2026, 8:00:00 AM NZDT",Signal group 14,1,6
"Wednesday, 25 February 2026, 7:55:00 AM NZDT to Wednesday, 25 February 2026, 8:00:00 AM NZDT",Signal group 15,2,6
"Wednesday, 25 February 2026, 7:55:00 AM NZDT to Wednesday, 25 February 2026, 8:00:00 AM NZDT",Signal group 16,1,6
"Wednesday, 25 February 2026, 8:00:00 AM NZDT to Wednesday, 25 February 2026, 8:05:00 AM NZDT",Signal group 13,1,6
"Wednesday, 25 February 2026, 8:00:00 AM NZDT to Wednesday, 25 February 2026, 8:05:00 AM NZDT",Signal group 14,1,7
"Wednesday, 25 February 2026, 8:00:00 AM NZDT to Wednesday, 25 February 2026, 8:05:00 AM NZDT",Signal group 15,2,6
"Wednesday, 25 February 2026, 8:00:00 AM NZDT to Wednesday, 25 February 2026, 8:05:00 AM NZDT",Signal group 16,1,6
"Wednesday, 25 February 2026, 8:05:00 AM NZDT to Wednesday, 25 February 2026, 8:10:00 AM NZDT",Signal group 15,2,6
"Wednesday, 25 February 2026, 8:05:00 AM NZDT to Wednesday, 25 February 2026, 8:10:00 AM NZDT",Signal group 16,1,6
"Wednesday, 25 February 2026, 8:10:00 AM NZDT to Wednesday, 25 February 2026, 8:15:00 AM NZDT",Signal group 15,2,6
"Wednesday, 25 February 2026, 8:10:00 AM NZDT to Wednesday, 25 February 2026, 8:15:00 AM NZDT",Signal group 16,2,6
"Wednesday, 25 February 2026, 8:15:00 AM NZDT to Wednesday, 25 February 2026, 8:20:00 AM NZDT",Signal group 15,1,6
"Wednesday, 25 February 2026, 8:15:00 AM NZDT to Wednesday, 25 February 2026, 8:20:00 AM NZDT",Signal group 16,1,6
"Wednesday, 25 February 2026, 8:20:00 AM NZDT to Wednesday, 25 February 2026, 8:25:00 AM NZDT",Signal group 13,1,6
"Wednesday, 25 February 2026, 8:20:00 AM NZDT to Wednesday, 25 February 2026, 8:25:00 AM NZDT",Signal group 14,1,6
"Wednesday, 25 February 2026, 8:20:00 AM NZDT to Wednesday, 25 February 2026, 8:25:00 AM NZDT",Signal group 15,3,5
"Wednesday, 25 February 2026, 8:20:00 AM NZDT to Wednesday, 25 February 2026, 8:25:00 AM NZDT",Signal group 16,1,6
"Wednesday, 25 February 2026, 8:25:00 AM NZDT to Wednesday, 25 February 2026, 8:30:00 AM NZDT",Signal group 14,1,6
"Wednesday, 25 February 2026, 8:25:00 AM NZDT to Wednesday, 25 February 2026, 8:30:00 AM NZDT",Signal group 15,2,6
"Wednesday, 25 February 2026, 8:30:00 AM NZDT to Wednesday, 25 February 2026, 8:35:00 AM NZDT",Signal group 14,2,6
"Wednesday, 25 February 2026, 8:30:00 AM NZDT to Wednesday, 25 February 2026, 8:35:00 AM NZDT",Signal group 15,1,7
"Wednesday, 25 February 2026, 8:30:00 AM NZDT to Wednesday, 25 February 2026, 8:35:00 AM NZDT",Signal group 16,1,6
"Wednesday, 25 February 2026, 8:45:00 AM NZDT to Wednesday, 25 February 2026, 8:50:00 AM NZDT",Signal group 14,1,6
"Wednesday, 25 February 2026, 8:50:00 AM NZDT to Wednesday, 25 February 2026, 8:55:00 AM NZDT",Signal group 14,1,6
"Wednesday, 25 February 2026, 8:50:00 AM NZDT to Wednesday, 25 February 2026, 8:55:00 AM NZDT",Signal group 15,1,6
"Wednesday, 25 February 2026, 9:10:00 AM NZDT to Wednesday, 25 February 2026, 9:15:00 AM NZDT",Signal group 16,2,6
"Wednesday, 25 February 2026, 9:20:00 AM NZDT to Wednesday, 25 February 2026, 9:25:00 AM NZDT",Signal group 16,1,6
"Wednesday, 25 February 2026, 9:25:00 AM NZDT to Wednesday, 25 February 2026, 9:30:00 AM NZDT",Signal group 16,1,6
"Wednesday, 25 February 2026, 9:30:00 AM NZDT to Wednesday, 25 February 2026, 9:35:00 AM NZDT",Signal group 14,1,6
"Wednesday, 25 February 2026, 9:30:00 AM NZDT to Wednesday, 25 February 2026, 9:35:00 AM NZDT",Signal group 15,1,6
"Wednesday, 25 February 2026, 9:30:00 AM NZDT to Wednesday, 25 February 2026, 9:35:00 AM NZDT",Signal group 16,1,6
"Wednesday, 25 February 2026, 9:35:00 AM NZDT to Wednesday, 25 February 2026, 9:40:00 AM NZDT",Signal group 13,1,6
"Wednesday, 25 February 2026, 9:35:00 AM NZDT to Wednesday, 25 February 2026, 9:40:00 AM NZDT",Signal group 15,1,6
"Wednesday, 25 February 2026, 9:40:00 AM NZDT to Wednesday, 25 February 2026, 9:45:00 AM NZDT",Signal group 13,1,6
"Wednesday, 25 February 2026, 9:40:00 AM NZDT to Wednesday, 25 February 2026, 9:45:00 AM NZDT",Signal group 14,1,6
"Wednesday, 25 February 2026, 9:45:00 AM NZDT to Wednesday, 25 February 2026, 9:50:00 AM NZDT",Signal group 15,1,6
"Wednesday, 25 February 2026, 9:50:00 AM NZDT to Wednesday, 25 February 2026, 9:55:00 AM NZDT",Signal group 14,1,6
"Wednesday, 25 February 2026, 9:50:00 AM NZDT to Wednesday, 25 February 2026, 9:55:00 AM NZDT",Signal group 16,2,6
"Wednesday, 25 February 2026, 9:55:00 AM NZDT to Wednesday, 25 February 2026, 10:00:00 AM NZDT",Signal group 16,1,6
"Wednesday, 25 February 2026, 10:00:00 AM NZDT to Wednesday, 25 February 2026, 10:05:00 AM NZDT",Signal group 13,1,6
"Wednesday, 25 February 2026, 10:00:00 AM NZDT to Wednesday, 25 February 2026, 10:05:00 AM NZDT",Signal group 15,1,6
"Wednesday, 25 February 2026, 10:05:00 AM NZDT to Wednesday, 25 February 2026, 10:10:00 AM NZDT",Signal group 13,2,6
"Wednesday, 25 February 2026, 10:05:00 AM NZDT to Wednesday, 25 February 2026, 10:10:00 AM NZDT",Signal group 15,1,6
"Wednesday, 25 February 2026, 10:10:00 AM NZDT to Wednesday, 25 February 2026, 10:15:00 AM NZDT",Signal group 14,1,6
"Wednesday, 25 February 2026, 10:10:00 AM NZDT to Wednesday, 25 February 2026, 10:15:00 AM NZDT",Signal group 15,1,6
"Wednesday, 25 February 2026, 10:10:00 AM NZDT to Wednesday, 25 February 2026, 10:15:00 AM NZDT",Signal group 16,1,6
"Wednesday, 25 February 2026, 10:15:00 AM NZDT to Wednesday, 25 February 2026, 10:20:00 AM NZDT",Signal group 13,2,6
"Wednesday, 25 February 2026, 10:20:00 AM NZDT to Wednesday, 25 February 2026, 10:25:00 AM NZDT",Signal group 15,1,6
"Wednesday, 25 February 2026, 10:25:00 AM NZDT to Wednesday, 25 February 2026, 10:30:00 AM NZDT",Signal group 15,1,6
"Wednesday, 25 February 2026, 10:25:00 AM NZDT to Wednesday, 25 February 2026, 10:30:00 AM NZDT",Signal group 16,1,6
"Wednesday, 25 February 2026, 10:40:00 AM NZDT to Wednesday, 25 February 2026, 10:45:00 AM NZDT",Signal group 16,1,6
"Wednesday, 25 February 2026, 10:55:00 AM NZDT to Wednesday, 25 February 2026, 11:00:00 AM NZDT",Signal group 15,1,6
"Wednesday, 25 February 2026, 11:00:00 AM NZDT to Wednesday, 25 February 2026, 11:05:00 AM NZDT",Signal group 15,1,7
"Wednesday, 25 February 2026, 11:05:00 AM NZDT to Wednesday, 25 February 2026, 11:10:00 AM NZDT",Signal group 14,1,6
"Wednesday, 25 February 2026, 11:10:00 AM NZDT to Wednesday, 25 February 2026, 11:15:00 AM NZDT",Signal group 13,1,6
"Wednesday, 25 February 2026, 11:10:00 AM NZDT to Wednesday, 25 February 2026, 11:15:00 AM NZDT",Signal group 15,1,6
"Wednesday, 25 February 2026, 11:45:00 AM NZDT to Wednesday, 25 February 2026, 11:50:00 AM NZDT",Signal group 13,2,7
"Wednesday, 25 February 2026, 11:45:00 AM NZDT to Wednesday, 25 February 2026, 11:50:00 AM NZDT",Signal group 14,1,7
"Wednesday, 25 February 2026, 11:55:00 AM NZDT to Wednesday, 25 February 2026, 12:00:00 PM NZDT",Signal group 13,1,6
"Wednesday, 25 February 2026, 11:55:00 AM NZDT to Wednesday, 25 February 2026, 12:00:00 PM NZDT",Signal group 15,1,6
"Wednesday, 25 February 2026, 12:00:00 PM NZDT to Wednesday, 25 February 2026, 12:05:00 PM NZDT",Signal group 15,1,6
"Wednesday, 25 February 2026, 12:00:00 PM NZDT to Wednesday, 25 February 2026, 12:05:00 PM NZDT",Signal group 16,1,6
"Wednesday, 25 February 2026, 12:05:00 PM NZDT to Wednesday, 25 February 2026, 12:10:00 PM NZDT",Signal group 16,1,6
"Wednesday, 25 February 2026, 12:30:00 PM NZDT to Wednesday, 25 February 2026, 12:35:00 PM NZDT",Signal group 15,1,6
"Wednesday, 25 February 2026, 12:35:00 PM NZDT to Wednesday, 25 February 2026, 12:40:00 PM NZDT",Signal group 16,1,6
"Wednesday, 25 February 2026, 1:05:00 PM NZDT to Wednesday, 25 February 2026, 1:10:00 PM NZDT",Signal group 14,1,6
"Wednesday, 25 February 2026, 1:10:00 PM NZDT to Wednesday, 25 February 2026, 1:15:00 PM NZDT",Signal group 15,1,6
"Wednesday, 25 February 2026, 1:10:00 PM NZDT to Wednesday, 25 February 2026, 1:15:00 PM NZDT",Signal group 16,1,6
"Wednesday, 25 February 2026, 1:25:00 PM NZDT to Wednesday, 25 February 2026, 1:30:00 PM NZDT",Signal group 15,1,6
"Wednesday, 25 February 2026, 1:35:00 PM NZDT to Wednesday, 25 February 2026, 1:40:00 PM NZDT",Signal group 14,1,6
"Wednesday, 25 February 2026, 1:45:00 PM NZDT to Wednesday, 25 February 2026, 1:50:00 PM NZDT",Signal group 15,2,6
"Wednesday, 25 February 2026, 2:25:00 PM NZDT to Wednesday, 25 February 2026, 2:30:00 PM NZDT",Signal group 15,1,6
"Wednesday, 25 February 2026, 2:25:00 PM NZDT to Wednesday, 25 February 2026, 2:30:00 PM NZDT",Signal group 16,1,6
"Wednesday, 25 February 2026, 2:30:00 PM NZDT to Wednesday, 25 February 2026, 2:35:00 PM NZDT",Signal group 14,2,6
"Wednesday, 25 February 2026, 2:30:00 PM NZDT to Wednesday, 25 February 2026, 2:35:00 PM NZDT",Signal group 16,1,6
"Wednesday, 25 February 2026, 2:35:00 PM NZDT to Wednesday, 25 February 2026, 2:40:00 PM NZDT",Signal group 15,1,6
"Wednesday, 25 February 2026, 2:45:00 PM NZDT to Wednesday, 25 February 2026, 2:50:00 PM NZDT",Signal group 16,2,6
"Wednesday, 25 February 2026, 2:50:00 PM NZDT to Wednesday, 25 February 2026, 2:55:00 PM NZDT",Signal group 14,1,6
"Wednesday, 25 February 2026, 2:50:00 PM NZDT to Wednesday, 25 February 2026, 2:55:00 PM NZDT",Signal group 16,1,6
"Wednesday, 25 February 2026, 3:10:00 PM NZDT to Wednesday, 25 February 2026, 3:15:00 PM NZDT",Signal group 15,2,6
"Wednesday, 25 February 2026, 3:15:00 PM NZDT to Wednesday, 25 February 2026, 3:20:00 PM NZDT",Signal group 13,2,6
"Wednesday, 25 February 2026, 3:15:00 PM NZDT to Wednesday, 25 February 2026, 3:20:00 PM NZDT",Signal group 14,1,6
"Wednesday, 25 February 2026, 3:15:00 PM NZDT to Wednesday, 25 February 2026, 3:20:00 PM NZDT",Signal group 15,1,6
"Wednesday, 25 February 2026, 3:20:00 PM NZDT to Wednesday, 25 February 2026, 3:25:00 PM NZDT",Signal group 16,2,6
"Wednesday, 25 February 2026, 3:25:00 PM NZDT to Wednesday, 25 February 2026, 3:30:00 PM NZDT",Signal group 13,1,6
"Wednesday, 25 February 2026, 3:25:00 PM NZDT to Wednesday, 25 February 2026, 3:30:00 PM NZDT",Signal group 14,1,7
"Wednesday, 25 February 2026, 3:30:00 PM NZDT to Wednesday, 25 February 2026, 3:35:00 PM NZDT",Signal group 15,4,6
"Wednesday, 25 February 2026, 3:30:00 PM NZDT to Wednesday, 25 February 2026, 3:35:00 PM NZDT",Signal group 16,1,6
"Wednesday, 25 February 2026, 3:35:00 PM NZDT to Wednesday, 25 February 2026, 3:40:00 PM NZDT",Signal group 13,1,6
"Wednesday, 25 February 2026, 3:35:00 PM NZDT to Wednesday, 25 February 2026, 3:40:00 PM NZDT",Signal group 15,1,6
"Wednesday, 25 February 2026, 3:35:00 PM NZDT to Wednesday, 25 February 2026, 3:40:00 PM NZDT",Signal group 16,1,6
"Wednesday, 25 February 2026, 3:45:00 PM NZDT to Wednesday, 25 February 2026, 3:50:00 PM NZDT",Signal group 13,1,6
"Wednesday, 25 February 2026, 3:50:00 PM NZDT to Wednesday, 25 February 2026, 3:55:00 PM NZDT",Signal group 16,1,6
"Wednesday, 25 February 2026, 3:55:00 PM NZDT to Wednesday, 25 February 2026, 4:00:00 PM NZDT",Signal group 15,1,6
"Wednesday, 25 February 2026, 4:00:00 PM NZDT to Wednesday, 25 February 2026, 4:05:00 PM NZDT",Signal group 13,1,6
"Wednesday, 25 February 2026, 4:00:00 PM NZDT to Wednesday, 25 February 2026, 4:05:00 PM NZDT",Signal group 15,1,6
"Wednesday, 25 February 2026, 4:00:00 PM NZDT to Wednesday, 25 February 2026, 4:05:00 PM NZDT",Signal group 16,1,6
"Wednesday, 25 February 2026, 4:05:00 PM NZDT to Wednesday, 25 February 2026, 4:10:00 PM NZDT",Signal group 14,1,6
"Wednesday, 25 February 2026, 4:10:00 PM NZDT to Wednesday, 25 February 2026, 4:15:00 PM NZDT",Signal group 14,1,6
"Wednesday, 25 February 2026, 4:10:00 PM NZDT to Wednesday, 25 February 2026, 4:15:00 PM NZDT",Signal group 16,1,6
"Wednesday, 25 February 2026, 4:15:00 PM NZDT to Wednesday, 25 February 2026, 4:20:00 PM NZDT",Signal group 15,1,6
"Wednesday, 25 February 2026, 4:15:00 PM NZDT to Wednesday, 25 February 2026, 4:20:00 PM NZDT",Signal group 16,1,6
"Wednesday, 25 February 2026, 4:20:00 PM NZDT to Wednesday, 25 February 2026, 4:25:00 PM NZDT",Signal group 13,1,6
"Wednesday, 25 February 2026, 4:20:00 PM NZDT to Wednesday, 25 February 2026, 4:25:00 PM NZDT",Signal group 15,1,6
"Wednesday, 25 February 2026, 4:25:00 PM NZDT to Wednesday, 25 February 2026, 4:30:00 PM NZDT",Signal group 14,1,6
"Wednesday, 25 February 2026, 4:25:00 PM NZDT to Wednesday, 25 February 2026, 4:30:00 PM NZDT",Signal group 16,2,6
"Wednesday, 25 February 2026, 4:30:00 PM NZDT to Wednesday, 25 February 2026, 4:35:00 PM NZDT",Signal group 15,1,6
"Wednesday, 25 February 2026, 4:35:00 PM NZDT to Wednesday, 25 February 2026, 4:40:00 PM NZDT",Signal group 14,1,6
"Wednesday, 25 February 2026, 4:35:00 PM NZDT to Wednesday, 25 February 2026, 4:40:00 PM NZDT",Signal group 15,1,6
"Wednesday, 25 February 2026, 4:35:00 PM NZDT to Wednesday, 25 February 2026, 4:40:00 PM NZDT",Signal group 16,3,6
"Wednesday, 25 February 2026, 4:40:00 PM NZDT to Wednesday, 25 February 2026, 4:45:00 PM NZDT",Signal group 13,1,6
"Wednesday, 25 February 2026, 4:40:00 PM NZDT to Wednesday, 25 February 2026, 4:45:00 PM NZDT",Signal group 14,2,7
"Wednesday, 25 February 2026, 4:40:00 PM NZDT to Wednesday, 25 February 2026, 4:45:00 PM NZDT",Signal group 16,1,6
"Wednesday, 25 February 2026, 4:50:00 PM NZDT to Wednesday, 25 February 2026, 4:55:00 PM NZDT",Signal group 14,1,6
"Wednesday, 25 February 2026, 4:50:00 PM NZDT to Wednesday, 25 February 2026, 4:55:00 PM NZDT",Signal group 15,1,7
"Wednesday, 25 February 2026, 4:55:00 PM NZDT to Wednesday, 25 February 2026, 5:00:00 PM NZDT",Signal group 13,1,6
"Wednesday, 25 February 2026, 5:00:00 PM NZDT to Wednesday, 25 February 2026, 5:05:00 PM NZDT",Signal group 14,1,6
"Wednesday, 25 February 2026, 5:00:00 PM NZDT to Wednesday, 25 February 2026, 5:05:00 PM NZDT",Signal group 15,1,6
"Wednesday, 25 February 2026, 5:00:00 PM NZDT to Wednesday, 25 February 2026, 5:05:00 PM NZDT",Signal group 16,1,6
"Wednesday, 25 February 2026, 5:05:00 PM NZDT to Wednesday, 25 February 2026, 5:10:00 PM NZDT",Signal group 13,1,6
"Wednesday, 25 February 2026, 5:10:00 PM NZDT to Wednesday, 25 February 2026, 5:15:00 PM NZDT",Signal group 14,1,6
"Wednesday, 25 February 2026, 5:10:00 PM NZDT to Wednesday, 25 February 2026, 5:15:00 PM NZDT",Signal group 15,1,6
"Wednesday, 25 February 2026, 5:15:00 PM NZDT to Wednesday, 25 February 2026, 5:20:00 PM NZDT",Signal group 16,2,6
"Wednesday, 25 February 2026, 5:20:00 PM NZDT to Wednesday, 25 February 2026, 5:25:00 PM NZDT",Signal group 14,1,7
"Wednesday, 25 February 2026, 5:20:00 PM NZDT to Wednesday, 25 February 2026, 5:25:00 PM NZDT",Signal group 16,1,6
"Wednesday, 25 February 2026, 5:25:00 PM NZDT to Wednesday, 25 February 2026, 5:30:00 PM NZDT",Signal group 15,3,6
"Wednesday, 25 February 2026, 5:30:00 PM NZDT to Wednesday, 25 February 2026, 5:35:00 PM NZDT",Signal group 15,1,7
"Wednesday, 25 February 2026, 5:35:00 PM NZDT to Wednesday, 25 February 2026, 5:40:00 PM NZDT",Signal group 16,1,6
"Wednesday, 25 February 2026, 5:40:00 PM NZDT to Wednesday, 25 February 2026, 5:45:00 PM NZDT",Signal group 14,1,6
"Wednesday, 25 February 2026, 5:50:00 PM NZDT to Wednesday, 25 February 2026, 5:55:00 PM NZDT",Signal group 15,1,7
"Wednesday, 25 February 2026, 5:55:00 PM NZDT to Wednesday, 25 February 2026, 6:00:00 PM NZDT",Signal group 13,1,6
"Wednesday, 25 February 2026, 6:05:00 PM NZDT to Wednesday, 25 February 2026, 6:10:00 PM NZDT",Signal group 14,1,6
"Wednesday, 25 February 2026, 6:15:00 PM NZDT to Wednesday, 25 February 2026, 6:20:00 PM NZDT",Signal group 13,1,7
"Wednesday, 25 February 2026, 6:15:00 PM NZDT to Wednesday, 25 February 2026, 6:20:00 PM NZDT",Signal group 14,1,6
"Wednesday, 25 February 2026, 6:15:00 PM NZDT to Wednesday, 25 February 2026, 6:20:00 PM NZDT",Signal group 15,1,6
"Wednesday, 25 February 2026, 6:25:00 PM NZDT to Wednesday, 25 February 2026, 6:30:00 PM NZDT",Signal group 16,1,6
"Wednesday, 25 February 2026, 6:30:00 PM NZDT to Wednesday, 25 February 2026, 6:35:00 PM NZDT",Signal group 13,1,6
"Wednesday, 25 February 2026, 6:35:00 PM NZDT to Wednesday, 25 February 2026, 6:40:00 PM NZDT",Signal group 13,1,6
"Wednesday, 25 February 2026, 6:45:00 PM NZDT to Wednesday, 25 February 2026, 6:50:00 PM NZDT",Signal group 14,2,6
"Wednesday, 25 February 2026, 6:45:00 PM NZDT to Wednesday, 25 February 2026, 6:50:00 PM NZDT",Signal group 16,1,6
"Wednesday, 25 February 2026, 6:55:00 PM NZDT to Wednesday, 25 February 2026, 7:00:00 PM NZDT",Signal group 16,1,6
"Wednesday, 25 February 2026, 7:00:00 PM NZDT to Wednesday, 25 February 2026, 7:05:00 PM NZDT",Signal group 13,1,6
"Wednesday, 25 February 2026, 7:05:00 PM NZDT to Wednesday, 25 February 2026, 7:10:00 PM NZDT",Signal group 13,2,6
"Wednesday, 25 February 2026, 7:10:00 PM NZDT to Wednesday, 25 February 2026, 7:15:00 PM NZDT",Signal group 14,1,6
"Wednesday, 25 February 2026, 7:10:00 PM NZDT to Wednesday, 25 February 2026, 7:15:00 PM NZDT",Signal group 15,1,6
"Wednesday, 25 February 2026, 7:15:00 PM NZDT to Wednesday, 25 February 2026, 7:20:00 PM NZDT",Signal group 13,1,6
"Wednesday, 25 February 2026, 7:20:00 PM NZDT to Wednesday, 25 February 2026, 7:25:00 PM NZDT",Signal group 13,1,6
"Wednesday, 25 February 2026, 7:25:00 PM NZDT to Wednesday, 25 February 2026, 7:30:00 PM NZDT",Signal group 13,1,6
"Wednesday, 25 February 2026, 7:30:00 PM NZDT to Wednesday, 25 February 2026, 7:35:00 PM NZDT",Signal group 13,1,6
"Wednesday, 25 February 2026, 7:45:00 PM NZDT to Wednesday, 25 February 2026, 7:50:00 PM NZDT",Signal group 14,1,7
"Wednesday, 25 February 2026, 7:55:00 PM NZDT to Wednesday, 25 February 2026, 8:00:00 PM NZDT",Signal group 16,1,6
"Wednesday, 25 February 2026, 8:00:00 PM NZDT to Wednesday, 25 February 2026, 8:05:00 PM NZDT",Signal group 14,1,6
"Wednesday, 25 February 2026, 8:05:00 PM NZDT to Wednesday, 25 February 2026, 8:10:00 PM NZDT",Signal group 15,1,7
"Wednesday, 25 February 2026, 8:10:00 PM NZDT to Wednesday, 25 February 2026, 8:15:00 PM NZDT",Signal group 14,1,7
"Wednesday, 25 February 2026, 8:15:00 PM NZDT to Wednesday, 25 February 2026, 8:20:00 PM NZDT",Signal group 13,1,6
"Wednesday, 25 February 2026, 8:15:00 PM NZDT to Wednesday, 25 February 2026, 8:20:00 PM NZDT",Signal group 16,1,6
"Wednesday, 25 February 2026, 8:25:00 PM NZDT to Wednesday, 25 February 2026, 8:30:00 PM NZDT",Signal group 15,2,6
"Wednesday, 25 February 2026, 8:30:00 PM NZDT to Wednesday, 25 February 2026, 8:35:00 PM NZDT",Signal group 13,1,6
"Wednesday, 25 February 2026, 8:35:00 PM NZDT to Wednesday, 25 February 2026, 8:40:00 PM NZDT",Signal group 13,1,6
"Wednesday, 25 February 2026, 8:55:00 PM NZDT to Wednesday, 25 February 2026, 9:00:00 PM NZDT",Signal group 15,1,6
"Wednesday, 25 February 2026, 9:15:00 PM NZDT to Wednesday, 25 February 2026, 9:20:00 PM NZDT",Signal group 16,2,6
"Wednesday, 25 February 2026, 9:40:00 PM NZDT to Wednesday, 25 February 2026, 9:45:00 PM NZDT",Signal group 13,1,6
"Wednesday, 25 February 2026, 10:05:00 PM NZDT to Wednesday, 25 February 2026, 10:10:00 PM NZDT",Signal group 16,1,6
