Site,Date,Interval start,Interval end,Detector 1,Detector 2,Detector 3,Detector 4,Detector 5,Detector 6,Detector 7,Detector 8,Total
36,"Wednesday, 25 February 2026",12:00:00 AM NZDT,12:05:00 AM NZDT,1,1,1,1,2,1,1,2,10
36,"Wednesday, 25 February 2026",12:05:00 AM NZDT,12:10:00 AM NZDT,1,0,2,0,1,0,1,0,5
36,"Wednesday, 25 February 2026",12:10:00 AM NZDT,12:15:00 AM NZDT,1,1,0,0,0,1,2,0,5
36,"Wednesday, 25 February 2026",12:15:00 AM NZDT,12:20:00 AM NZDT,4,0,4,1,1,1,1,1,13
36,"Wednesday, 25 February 2026",12:20:00 AM NZDT,12:25:00 AM NZDT,1,0,1,0,1,0,0,0,3
36,"Wednesday, 25 February 2026",12:25:00 AM NZDT,12:30:00 AM NZDT,0,0,3,0,1,1,1,1,7
36,"Wednesday, 25 February 2026",12:30:00 AM NZDT,12:35:00 AM NZDT,1,0,0,0,0,0,3,0,4
36,"Wednesday, 25 February 2026",12:35:00 AM NZDT,12:40:00 AM NZDT,1,0,0,0,1,1,1,0,4
36,"Wednesday, 25 February 2026",12:40:00 AM NZDT,12:45:00 AM NZDT,0,0,2,0,0,0,1,0,3
36,"Wednesday, 25 February 2026",12:45:00 AM NZDT,12:50:00 AM NZDT,1,0,0,0,1,0,0,0,2
36,"Wednesday, 25 February 2026",12:50:00 AM NZDT,12:55:00 AM NZDT,2,0,2,0,0,0,0,0,4
36,"Wednesday, 25 February 2026",12:55:00 AM NZDT,1:00:00 AM NZDT,3,0,1,1,0,2,3,0,10
36,"Wednesday, 25 February 2026",1:00:00 AM NZDT,1:05:00 AM NZDT,1,0,2,0,0,1,2,0,6
36,"Wednesday, 25 February 2026",1:05:00 AM NZDT,1:10:00 AM NZDT,0,0,0,0,4,0,0,0,4
36,"Wednesday, 25 February 2026",1:10:00 AM NZDT,1:15:00 AM NZDT,2,0,0,0,2,0,1,0,5
36,"Wednesday, 25 February 2026",1:15:00 AM NZDT,1:20:00 AM NZDT,1,0,3,0,1,0,1,0,6
36,"Wednesday, 25 February 2026",1:20:00 AM NZDT,1:25:00 AM NZDT,0,0,0,0,0,0,1,0,1
36,"Wednesday, 25 February 2026",1:25:00 AM NZDT,1:30:00 AM NZDT,1,0,1,0,0,0,0,0,2
36,"Wednesday, 25 February 2026",1:30:00 AM NZDT,1:35:00 AM NZDT,0,0,0,0,0,0,0,0,0
36,"Wednesday, 25 February 2026",1:35:00 AM NZDT,1:40:00 AM NZDT,0,0,1,0,0,0,2,0,3
36,"Wednesday, 25 February 2026",1:40:00 AM NZDT,1:45:00 AM NZDT,0,0,0,0,0,0,1,0,1
36,"Wednesday, 25 February 2026",1:45:00 AM NZDT,1:50:00 AM NZDT,0,0,0,0,1,0,2,0,3
36,"Wednesday, 25 February 2026",1:50:00 AM NZDT,1:55:00 AM NZDT,1,0,0,0,0,0,0,0,1
36,"Wednesday, 25 February 2026",1:55:00 AM NZDT,2:00:00 AM NZDT,0,0,0,0,1,0,1,0,2
36,"Wednesday, 25 February 2026",2:00:00 AM NZDT,2:05:00 AM NZDT,0,0,2,0,3,0,2,0,7
36,"Wednesday, 25 February 2026",2:05:00 AM NZDT,2:10:00 AM NZDT,0,0,0,0,1,1,1,0,3
36,"Wednesday, 25 February 2026",2:10:00 AM NZDT,2:15:00 AM NZDT,3,0,0,0,0,0,0,0,3
36,"Wednesday, 25 February 2026",2:15:00 AM NZDT,2:20:00 AM NZDT,1,0,2,0,1,0,0,0,4
36,"Wednesday, 25 February 2026",2:20:00 AM NZDT,2:25:00 AM NZDT,0,0,1,0,1,0,1,0,3
36,"Wednesday, 25 February 2026",2:25:00 AM NZDT,2:30:00 AM NZDT,0,0,1,0,0,0,0,0,1
36,"Wednesday, 25 February 2026",2:30:00 AM NZDT,2:35:00 AM NZDT,0,0,0,0,0,0,2,0,2
36,"Wednesday, 25 February 2026",2:35:00 AM NZDT,2:40:00 AM NZDT,0,0,0,0,1,1,0,0,2
36,"Wednesday, 25 February 2026",2:40:00 AM NZDT,2:45:00 AM NZDT,0,0,0,0,0,0,3,0,3
36,"Wednesday, 25 February 2026",2:45:00 AM NZDT,2:50:00 AM NZDT,2,0,2,0,1,0,0,0,5
36,"Wednesday, 25 February 2026",2:50:00 AM NZDT,2:55:00 AM NZDT,0,0,1,0,0,0,1,0,2
36,"Wednesday, 25 February 2026",2:55:00 AM NZDT,3:00:00 AM NZDT,0,0,0,0,0,0,2,0,2
36,"Wednesday, 25 February 2026",3:00:00 AM NZDT,3:05:00 AM NZDT,1,0,0,0,1,0,0,0,2
36,"Wednesday, 25 February 2026",3:05:00 AM NZDT,3:10:00 AM NZDT,0,0,1,0,1,0,1,0,3
36,"Wednesday, 25 February 2026",3:10:00 AM NZDT,3:15:00 AM NZDT,1,0,1,0,0,1,1,0,4
36,"Wednesday, 25 February 2026",3:15:00 AM NZDT,3:20:00 AM NZDT,1,0,2,0,0,0,2,0,5
36,"Wednesday, 25 February 2026",3:20:00 AM NZDT,3:25:00 AM NZDT,1,0,0,1,2,0,0,0,4
36,"Wednesday, 25 February 2026",3:25:00 AM NZDT,3:30:00 AM NZDT,0,0,2,0,1,1,0,0,4
36,"Wednesday, 25 February 2026",3:30:00 AM NZDT,3:35:00 AM NZDT,2,0,0,0,1,0,1,0,4
36,"Wednesday, 25 February 2026",3:35:00 AM NZDT,3:40:00 AM NZDT,0,0,1,0,1,0,0,0,2
36,"Wednesday, 25 February 2026",3:40:00 AM NZDT,3:45:00 AM NZDT,0,0,0,0,0,1,1,0,2
36,"Wednesday, 25 February 2026",3:45:00 AM NZDT,3:50:00 AM NZDT,0,0,0,0,0,1,1,0,2
36,"Wednesday, 25 February 2026",3:50:00 AM NZDT,3:55:00 AM NZDT,2,1,1,0,0,0,0,1,5
36,"Wednesday, 25 February 2026",3:55:00 AM NZDT,4:00:00 AM NZDT,0,1,0,1,0,0,0,1,3
36,"Wednesday, 25 February 2026",4:00:00 AM NZDT,4:05:00 AM NZDT,0,0,1,0,1,0,1,0,3
36,"Wednesday, 25 February 2026",4:05:00 AM NZDT,4:10:00 AM NZDT,0,0,1,0,0,0,2,0,3
36,"Wednesday, 25 February 2026",4:10:00 AM NZDT,4:15:00 AM NZDT,0,0,0,0,1,0,0,0,1
36,"Wednesday, 25 February 2026",4:15:00 AM NZDT,4:20:00 AM NZDT,0,0,2,0,0,0,1,1,4
36,"Wednesday, 25 February 2026",4:20:00 AM NZDT,4:25:00 AM NZDT,1,0,1,0,2,0,1,0,5
36,"Wednesday, 25 February 2026",4:25:00 AM NZDT,4:30:00 AM NZDT,0,0,0,0,0,1,1,0,2
36,"Wednesday, 25 February 2026",4:30:00 AM NZDT,4:35:00 AM NZDT,1,0,0,0,0,1,0,0,2
36,"Wednesday, 25 February 2026",4:35:00 AM NZDT,4:40:00 AM NZDT,0,0,0,0,0,0,3,0,3
36,"Wednesday, 25 February 2026",4:40:00 AM NZDT,4:45:00 AM NZDT,1,0,1,0,0,0,0,0,2
36,"Wednesday, 25 February 2026",4:45:00 AM NZDT,4:50:00 AM NZDT,3,0,1,0,1,0,2,0,7
36,"Wednesday, 25 February 2026",4:50:00 AM NZDT,4:55:00 AM NZDT,4,0,1,0,0,0,5,0,10
36,"Wednesday, 25 February 2026",4:55:00 AM NZDT,5:00:00 AM NZDT,0,0,0,0,0,0,1,0,1
36,"Wednesday, 25 February 2026",5:00:00 AM NZDT,5:05:00 AM NZDT,1,0,0,1,1,4,1,2,10
36,"Wednesday, 25 February 2026",5:05:00 AM NZDT,5:10:00 AM NZDT,2,0,1,0,1,0,1,0,5
36,"Wednesday, 25 February 2026",5:10:00 AM NZDT,5:15:00 AM NZDT,2,0,0,1,0,0,0,0,3
36,"Wednesday, 25 February 2026",5:15:00 AM NZDT,5:20:00 AM NZDT,0,0,0,0,1,1,3,0,5
36,"Wednesday, 25 February 2026",5:20:00 AM NZDT,5:25:00 AM NZDT,4,0,6,0,3,0,5,0,18
36,"Wednesday, 25 February 2026",5:25:00 AM NZDT,5:30:00 AM NZDT,3,0,3,0,0,1,2,1,10
36,"Wednesday, 25 February 2026",5:30:00 AM NZDT,5:35:00 AM NZDT,2,0,1,0,1,0,2,0,6
36,"Wednesday, 25 February 2026",5:35:00 AM NZDT,5:40:00 AM NZDT,4,0,2,1,1,1,10,1,20
36,"Wednesday, 25 February 2026",5:40:00 AM NZDT,5:45:00 AM NZDT,11,0,6,0,4,1,3,1,26
36,"Wednesday, 25 February 2026",5:45:00 AM NZDT,5:50:00 AM NZDT,7,3,3,1,4,1,8,3,30
36,"Wednesday, 25 February 2026",5:50:00 AM NZDT,5:55:00 AM NZDT,6,1,2,2,3,1,9,3,27
36,"Wednesday, 25 February 2026",5:55:00 AM NZDT,6:00:00 AM NZDT,5,0,1,0,2,2,5,2,17
36,"Wednesday, 25 February 2026",6:00:00 AM NZDT,6:05:00 AM NZDT,7,0,4,0,1,1,1,1,15
36,"Wednesday, 25 February 2026",6:05:00 AM NZDT,6:10:00 AM NZDT,6,0,1,0,1,1,10,0,19
36,"Wednesday, 25 February 2026",6:10:00 AM NZDT,6:15:00 AM NZDT,5,0,6,0,0,0,10,0,21
36,"Wednesday, 25 February 2026",6:15:00 AM NZDT,6:20:00 AM NZDT,4,0,4,1,4,2,3,3,21
36,"Wednesday, 25 February 2026",6:20:00 AM NZDT,6:25:00 AM NZDT,9,0,5,2,2,1,6,0,25
36,"Wednesday, 25 February 2026",6:25:00 AM NZDT,6:30:00 AM NZDT,5,0,5,0,2,1,8,1,22
36,"Wednesday, 25 February 2026",6:30:00 AM NZDT,6:35:00 AM NZDT,9,0,2,1,4,1,9,0,26
36,"Wednesday, 25 February 2026",6:35:00 AM NZDT,6:40:00 AM NZDT,5,1,5,0,2,1,10,0,24
36,"Wednesday, 25 February 2026",6:40:00 AM NZDT,6:45:00 AM NZDT,6,1,1,1,3,2,18,2,34
36,"Wednesday, 25 February 2026",6:45:00 AM NZDT,6:50:00 AM NZDT,15,0,7,3,5,1,17,0,48
36,"Wednesday, 25 February 2026",6:50:00 AM NZDT,6:55:00 AM NZDT,12,1,9,1,7,2,14,3,49
36,"Wednesday, 25 February 2026",6:55:00 AM NZDT,7:00:00 AM NZDT,13,2,8,1,2,2,16,2,46
36,"Wednesday, 25 February 2026",7:00:00 AM NZDT,7:05:00 AM NZDT,10,0,8,1,7,1,20,0,47
36,"Wednesday, 25 February 2026",7:05:00 AM NZDT,7:10:00 AM NZDT,13,1,5,0,7,3,29,3,61
36,"Wednesday, 25 February 2026",7:10:00 AM NZDT,7:15:00 AM NZDT,10,1,7,1,8,0,15,3,45
36,"Wednesday, 25 February 2026",7:15:00 AM NZDT,7:20:00 AM NZDT,11,2,6,1,5,5,28,5,63
36,"Wednesday, 25 February 2026",7:20:00 AM NZDT,7:25:00 AM NZDT,16,2,7,3,15,2,27,2,74
36,"Wednesday, 25 February 2026",7:25:00 AM NZDT,7:30:00 AM NZDT,14,0,12,0,15,1,18,3,63
36,"Wednesday, 25 February 2026",7:30:00 AM NZDT,7:35:00 AM NZDT,13,0,14,0,10,2,29,2,70
36,"Wednesday, 25 February 2026",7:35:00 AM NZDT,7:40:00 AM NZDT,13,2,8,0,11,1,29,4,68
36,"Wednesday, 25 February 2026",7:40:00 AM NZDT,7:45:00 AM NZDT,13,1,15,1,11,3,36,5,85
36,"Wednesday, 25 February 2026",7:45:00 AM NZDT,7:50:00 AM NZDT,16,2,13,0,17,2,30,6,86
36,"Wednesday, 25 February 2026",7:50:00 AM NZDT,7:55:00 AM NZDT,8,2,16,0,15,5,33,4,83
36,"Wednesday, 25 February 2026",7:55:00 AM NZDT,8:00:00 AM NZDT,17,0,22,1,12,8,19,6,85
36,"Wednesday, 25 February 2026",8:00:00 AM NZDT,8:05:00 AM NZDT,18,1,16,2,14,7,36,7,101
36,"Wednesday, 25 February 2026",8:05:00 AM NZDT,8:10:00 AM NZDT,16,3,18,0,10,4,49,7,107
36,"Wednesday, 25 February 2026",8:10:00 AM NZDT,8:15:00 AM NZDT,15,3,22,2,12,5,32,5,96
36,"Wednesday, 25 February 2026",8:15:00 AM NZDT,8:20:00 AM NZDT,12,2,34,2,14,5,27,10,106
36,"Wednesday, 25 February 2026",8:20:00 AM NZDT,8:25:00 AM NZDT,25,2,26,4,19,2,40,8,126
36,"Wednesday, 25 February 2026",8:25:00 AM NZDT,8:30:00 AM NZDT,25,1,26,6,17,7,38,4,124
36,"Wednesday, 25 February 2026",8:30:00 AM NZDT,8:35:00 AM NZDT,23,3,26,3,15,0,37,3,110
36,"Wednesday, 25 February 2026",8:35:00 AM NZDT,8:40:00 AM NZDT,34,0,11,1,20,5,40,3,114
36,"Wednesday, 25 February 2026",8:40:00 AM NZDT,8:45:00 AM NZDT,33,3,15,2,38,3,28,11,133
36,"Wednesday, 25 February 2026",8:45:00 AM NZDT,8:50:00 AM NZDT,31,3,12,1,14,4,33,5,103
36,"Wednesday, 25 February 2026",8:50:00 AM NZDT,8:55:00 AM NZDT,22,3,13,2,16,3,36,2,97
36,"Wednesday, 25 February 2026",8:55:00 AM NZDT,9:00:00 AM NZDT,14,2,16,3,12,3,29,6,85
36,"Wednesday, 25 February 2026",9:00:00 AM NZDT,9:05:00 AM NZDT,10,2,10,0,15,3,32,3,75
36,"Wednesday, 25 February 2026",9:05:00 AM NZDT,9:10:00 AM NZDT,16,1,9,1,9,2,27,4,69
36,"Wednesday, 25 February 2026",9:10:00 AM NZDT,9:15:00 AM NZDT,13,0,11,0,17,1,19,4,65
36,"Wednesday, 25 February 2026",9:15:00 AM NZDT,9:20:00 AM NZDT,9,0,16,3,14,3,21,7,73
36,"Wednesday, 25 February 2026",9:20:00 AM NZDT,9:25:00 AM NZDT,11,3,11,2,16,3,27,5,78
36,"Wednesday, 25 February 2026",9:25:00 AM NZDT,9:30:00 AM NZDT,15,1,9,0,10,1,17,2,55
36,"Wednesday, 25 February 2026",9:30:00 AM NZDT,9:35:00 AM NZDT,11,3,8,2,6,2,15,1,48
36,"Wednesday, 25 February 2026",9:35:00 AM NZDT,9:40:00 AM NZDT,6,0,10,1,12,1,25,2,57
36,"Wednesday, 25 February 2026",9:40:00 AM NZDT,9:45:00 AM NZDT,10,2,6,4,12,4,24,6,68
36,"Wednesday, 25 February 2026",9:45:00 AM NZDT,9:50:00 AM NZDT,12,2,18,0,9,2,21,3,67
36,"Wednesday, 25 February 2026",9:50:00 AM NZDT,9:55:00 AM NZDT,11,3,11,1,10,2,20,3,61
36,"Wednesday, 25 February 2026",9:55:00 AM NZDT,10:00:00 AM NZDT,9,1,7,0,8,2,12,2,41
36,"Wednesday, 25 February 2026",10:00:00 AM NZDT,10:05:00 AM NZDT,7,1,13,0,2,3,16,4,46
36,"Wednesday, 25 February 2026",10:05:00 AM NZDT,10:10:00 AM NZDT,17,1,8,1,7,2,20,5,61
36,"Wednesday, 25 February 2026",10:10:00 AM NZDT,10:15:00 AM NZDT,9,6,14,3,9,3,16,4,64
36,"Wednesday, 25 February 2026",10:15:00 AM NZDT,10:20:00 AM NZDT,10,2,14,1,11,4,20,3,65
36,"Wednesday, 25 February 2026",10:20:00 AM NZDT,10:25:00 AM NZDT,16,3,9,2,4,3,15,4,56
36,"Wednesday, 25 February 2026",10:25:00 AM NZDT,10:30:00 AM NZDT,12,1,10,5,7,3,19,2,59
36,"Wednesday, 25 February 2026",10:30:00 AM NZDT,10:35:00 AM NZDT,20,4,10,1,6,4,16,3,64
36,"Wednesday, 25 February 2026",10:35:00 AM NZDT,10:40:00 AM NZDT,9,0,13,1,12,4,17,1,57
36,"Wednesday, 25 February 2026",10:40:00 AM NZDT,10:45:00 AM NZDT,6,2,14,5,11,3,15,2,58
36,"Wednesday, 25 February 2026",10:45:00 AM NZDT,10:50:00 AM NZDT,14,0,5,2,12,0,15,4,52
36,"Wednesday, 25 February 2026",10:50:00 AM NZDT,10:55:00 AM NZDT,7,3,11,1,8,3,10,5,48
36,"Wednesday, 25 February 2026",10:55:00 AM NZDT,11:00:00 AM NZDT,9,1,15,0,11,4,16,2,58
36,"Wednesday, 25 February 2026",11:00:00 AM NZDT,11:05:00 AM NZDT,15,1,10,2,6,4,17,3,58
36,"Wednesday, 25 February 2026",11:05:00 AM NZDT,11:10:00 AM NZDT,9,1,12,0,4,1,16,3,46
36,"Wednesday, 25 February 2026",11:10:00 AM NZDT,11:15:00 AM NZDT,18,0,13,1,8,3,14,3,60
36,"Wednesday, 25 February 2026",11:15:00 AM NZDT,11:20:00 AM NZDT,16,1,18,1,13,2,17,2,70
36,"Wednesday, 25 February 2026",11:20:00 AM NZDT,11:25:00 AM NZDT,9,3,6,0,11,3,22,3,57
36,"Wednesday, 25 February 2026",11:25:00 AM NZDT,11:30:00 AM NZDT,11,2,13,0,7,1,19,5,58
36,"Wednesday, 25 February 2026",11:30:00 AM NZDT,11:35:00 AM NZDT,12,0,11,1,12,3,14,3,56
36,"Wednesday, 25 February 2026",11:35:00 AM NZDT,11:40:00 AM NZDT,13,3,9,0,6,2,19,0,52
36,"Wednesday, 25 February 2026",11:40:00 AM NZDT,11:45:00 AM NZDT,11,1,8,1,7,1,20,1,50
36,"Wednesday, 25 February 2026",11:45:00 AM NZDT,11:50:00 AM NZDT,12,2,12,3,8,1,11,4,53
36,"Wednesday, 25 February 2026",11:50:00 AM NZDT,11:55:00 AM NZDT,17,1,13,3,9,2,23,3,71
36,"Wednesday, 25 February 2026",11:55:00 AM NZDT,12:00:00 PM NZDT,17,0,15,1,7,5,15,3,63
36,"Wednesday, 25 February 2026",12:00:00 PM NZDT,12:05:00 PM NZDT,18,0,11,0,8,3,16,4,60
36,"Wednesday, 25 February 2026",12:05:00 PM NZDT,12:10:00 PM NZDT,13,1,13,2,8,5,14,5,61
36,"Wednesday, 25 February 2026",12:10:00 PM NZDT,12:15:00 PM NZDT,3,1,13,1,7,1,24,3,53
36,"Wednesday, 25 February 2026",12:15:00 PM NZDT,12:20:00 PM NZDT,17,1,10,1,6,3,11,5,54
36,"Wednesday, 25 February 2026",12:20:00 PM NZDT,12:25:00 PM NZDT,13,2,13,2,6,3,18,3,60
36,"Wednesday, 25 February 2026",12:25:00 PM NZDT,12:30:00 PM NZDT,15,2,7,0,11,4,13,3,55
36,"Wednesday, 25 February 2026",12:30:00 PM NZDT,12:35:00 PM NZDT,11,0,14,1,5,1,24,3,59
36,"Wednesday, 25 February 2026",12:35:00 PM NZDT,12:40:00 PM NZDT,20,1,10,0,10,3,15,4,63
36,"Wednesday, 25 February 2026",12:40:00 PM NZDT,12:45:00 PM NZDT,14,0,15,2,13,6,23,2,75
36,"Wednesday, 25 February 2026",12:45:00 PM NZDT,12:50:00 PM NZDT,18,2,17,1,14,2,24,1,79
36,"Wednesday, 25 February 2026",12:50:00 PM NZDT,12:55:00 PM NZDT,6,0,20,2,9,6,18,2,63
36,"Wednesday, 25 February 2026",12:55:00 PM NZDT,1:00:00 PM NZDT,10,2,26,2,9,7,19,5,80
36,"Wednesday, 25 February 2026",1:00:00 PM NZDT,1:05:00 PM NZDT,10,2,12,0,12,1,12,2,51
36,"Wednesday, 25 February 2026",1:05:00 PM NZDT,1:10:00 PM NZDT,16,2,13,2,8,1,13,2,57
36,"Wednesday, 25 February 2026",1:10:00 PM NZDT,1:15:00 PM NZDT,9,3,13,1,8,4,23,4,65
36,"Wednesday, 25 February 2026",1:15:00 PM NZDT,1:20:00 PM NZDT,9,1,13,3,5,1,18,1,51
36,"Wednesday, 25 February 2026",1:20:00 PM NZDT,1:25:00 PM NZDT,8,1,12,1,15,1,10,1,49
36,"Wednesday, 25 February 2026",1:25:00 PM NZDT,1:30:00 PM NZDT,21,1,14,1,11,4,25,2,79
36,"Wednesday, 25 February 2026",1:30:00 PM NZDT,1:35:00 PM NZDT,11,2,15,0,9,4,19,4,64
36,"Wednesday, 25 February 2026",1:35:00 PM NZDT,1:40:00 PM NZDT,11,1,10,1,4,3,24,1,55
36,"Wednesday, 25 February 2026",1:40:00 PM NZDT,1:45:00 PM NZDT,18,1,12,2,11,1,10,2,57
36,"Wednesday, 25 February 2026",1:45:00 PM NZDT,1:50:00 PM NZDT,10,1,18,2,10,3,17,5,66
36,"Wednesday, 25 February 2026",1:50:00 PM NZDT,1:55:00 PM NZDT,18,4,8,3,12,6,11,5,67
36,"Wednesday, 25 February 2026",1:55:00 PM NZDT,2:00:00 PM NZDT,19,1,11,3,14,3,19,2,72
36,"Wednesday, 25 February 2026",2:00:00 PM NZDT,2:05:00 PM NZDT,14,0,11,2,11,3,18,9,68
36,"Wednesday, 25 February 2026",2:05:00 PM NZDT,2:10:00 PM NZDT,8,4,22,2,5,1,19,4,65
36,"Wednesday, 25 February 2026",2:10:00 PM NZDT,2:15:00 PM NZDT,16,1,18,1,9,2,17,2,66
36,"Wednesday, 25 February 2026",2:15:00 PM NZDT,2:20:00 PM NZDT,9,1,22,2,7,6,10,7,64
36,"Wednesday, 25 February 2026",2:20:00 PM NZDT,2:25:00 PM NZDT,18,1,21,2,13,2,16,3,76
36,"Wednesday, 25 February 2026",2:25:00 PM NZDT,2:30:00 PM NZDT,17,1,20,3,11,3,19,8,82
36,"Wednesday, 25 February 2026",2:30:00 PM NZDT,2:35:00 PM NZDT,18,1,11,0,16,4,23,6,79
36,"Wednesday, 25 February 2026",2:35:00 PM NZDT,2:40:00 PM NZDT,20,5,10,1,13,7,15,6,77
36,"Wednesday, 25 February 2026",2:40:00 PM NZDT,2:45:00 PM NZDT,10,4,14,1,19,5,18,6,77
36,"Wednesday, 25 February 2026",2:45:00 PM NZDT,2:50:00 PM NZDT,16,0,19,3,19,3,22,2,84
36,"Wednesday, 25 February 2026",2:50:00 PM NZDT,2:55:00 PM NZDT,22,0,17,1,22,5,23,4,94
36,"Wednesday, 25 February 2026",2:55:00 PM NZDT,3:00:00 PM NZDT,10,1,21,1,11,4,21,11,80
36,"Wednesday, 25 February 2026",3:00:00 PM NZDT,3:05:00 PM NZDT,21,6,20,3,18,5,15,7,95
36,"Wednesday, 25 February 2026",3:05:00 PM NZDT,3:10:00 PM NZDT,20,1,26,4,17,8,20,4,100
36,"Wednesday, 25 February 2026",3:10:00 PM NZDT,3:15:00 PM NZDT,38,1,34,1,22,3,23,7,129
36,"Wednesday, 25 February 2026",3:15:00 PM NZDT,3:20:00 PM NZDT,29,1,31,5,9,2,32,2,111
36,"Wednesday, 25 February 2026",3:20:00 PM NZDT,3:25:00 PM NZDT,21,5,21,2,13,5,33,5,105
36,"Wednesday, 25 February 2026",3:25:00 PM NZDT,3:30:00 PM NZDT,16,2,26,3,17,3,22,1,90
36,"Wednesday, 25 February 2026",3:30:00 PM NZDT,3:35:00 PM NZDT,21,4,21,3,18,1,17,5,90
36,"Wednesday, 25 February 2026",3:35:00 PM NZDT,3:40:00 PM NZDT,22,4,27,3,11,7,34,4,112
36,"Wednesday, 25 February 2026",3:40:00 PM NZDT,3:45:00 PM NZDT,10,4,25,3,15,5,22,3,87
36,"Wednesday, 25 February 2026",3:45:00 PM NZDT,3:50:00 PM NZDT,15,0,19,2,15,4,20,5,80
36,"Wednesday, 25 February 2026",3:50:00 PM NZDT,3:55:00 PM NZDT,13,2,20,2,13,5,29,1,85
36,"Wednesday, 25 February 2026",3:55:00 PM NZDT,4:00:00 PM NZDT,18,5,20,1,20,5,17,2,88
36,"Wednesday, 25 February 2026",4:00:00 PM NZDT,4:05:00 PM NZDT,16,2,14,0,23,4,19,3,81
36,"Wednesday, 25 February 2026",4:05:00 PM NZDT,4:10:00 PM NZDT,19,0,19,2,11,2,13,2,68
36,"Wednesday, 25 February 2026",4:10:00 PM NZDT,4:15:00 PM NZDT,18,4,20,0,21,2,23,4,92
36,"Wednesday, 25 February 2026",4:15:00 PM NZDT,4:20:00 PM NZDT,30,0,22,3,15,2,24,2,98
36,"Wednesday, 25 February 2026",4:20:00 PM NZDT,4:25:00 PM NZDT,16,2,17,3,15,5,20,3,81
36,"Wednesday, 25 February 2026",4:25:00 PM NZDT,4:30:00 PM NZDT,19,3,19,1,21,3,17,4,87
36,"Wednesday, 25 February 2026",4:30:00 PM NZDT,4:35:00 PM NZDT,15,2,27,1,22,3,18,2,90
36,"Wednesday, 25 February 2026",4:35:00 PM NZDT,4:40:00 PM NZDT,32,0,20,1,17,4,20,2,96
36,"Wednesday, 25 February 2026",4:40:00 PM NZDT,4:45:00 PM NZDT,28,3,20,3,29,2,17,2,104
36,"Wednesday, 25 February 2026",4:45:00 PM NZDT,4:50:00 PM NZDT,17,4,23,2,29,3,15,6,99
36,"Wednesday, 25 February 2026",4:50:00 PM NZDT,4:55:00 PM NZDT,24,2,18,2,22,4,20,5,97
36,"Wednesday, 25 February 2026",4:55:00 PM NZDT,5:00:00 PM NZDT,17,4,12,2,20,1,26,5,87
36,"Wednesday, 25 February 2026",5:00:00 PM NZDT,5:05:00 PM NZDT,22,1,20,4,21,4,20,3,95
36,"Wednesday, 25 February 2026",5:05:00 PM NZDT,5:10:00 PM NZDT,26,2,22,4,18,2,21,7,102
36,"Wednesday, 25 February 2026",5:10:00 PM NZDT,5:15:00 PM NZDT,28,4,26,0,27,2,26,5,118
36,"Wednesday, 25 February 2026",5:15:00 PM NZDT,5:20:00 PM NZDT,25,2,17,3,24,2,18,7,98
36,"Wednesday, 25 February 2026",5:20:00 PM NZDT,5:25:00 PM NZDT,17,1,22,1,19,4,21,4,89
36,"Wednesday, 25 February 2026",5:25:00 PM NZDT,5:30:00 PM NZDT,22,1,19,2,19,0,20,6,89
36,"Wednesday, 25 February 2026",5:30:00 PM NZDT,5:35:00 PM NZDT,26,3,16,2,20,7,16,6,96
36,"Wednesday, 25 February 2026",5:35:00 PM NZDT,5:40:00 PM NZDT,18,1,20,3,12,1,17,9,81
36,"Wednesday, 25 February 2026",5:40:00 PM NZDT,5:45:00 PM NZDT,14,4,22,2,18,2,18,3,83
36,"Wednesday, 25 February 2026",5:45:00 PM NZDT,5:50:00 PM NZDT,20,3,19,2,19,1,19,5,88
36,"Wednesday, 25 February 2026",5:50:00 PM NZDT,5:55:00 PM NZDT,12,1,17,3,23,1,13,2,72
36,"Wednesday, 25 February 2026",5:55:00 PM NZDT,6:00:00 PM NZDT,12,4,13,3,10,4,12,4,62
36,"Wednesday, 25 February 2026",6:00:00 PM NZDT,6:05:00 PM NZDT,18,5,14,3,16,2,17,6,81
36,"Wednesday, 25 February 2026",6:05:00 PM NZDT,6:10:00 PM NZDT,17,1,13,0,9,0,19,2,61
36,"Wednesday, 25 February 2026",6:10:00 PM NZDT,6:15:00 PM NZDT,15,2,13,2,14,2,28,4,80
36,"Wednesday, 25 February 2026",6:15:00 PM NZDT,6:20:00 PM NZDT,16,1,8,3,9,3,13,3,56
36,"Wednesday, 25 February 2026",6:20:00 PM NZDT,6:25:00 PM NZDT,8,1,11,1,18,2,13,4,58
36,"Wednesday, 25 February 2026",6:25:00 PM NZDT,6:30:00 PM NZDT,10,0,10,1,16,0,22,1,60
36,"Wednesday, 25 February 2026",6:30:00 PM NZDT,6:35:00 PM NZDT,19,0,7,0,8,2,21,2,59
36,"Wednesday, 25 February 2026",6:35:00 PM NZDT,6:40:00 PM NZDT,14,2,10,3,8,3,27,3,70
36,"Wednesday, 25 February 2026",6:40:00 PM NZDT,6:45:00 PM NZDT,31,3,11,4,13,6,20,3,91
36,"Wednesday, 25 February 2026",6:45:00 PM NZDT,6:50:00 PM NZDT,19,1,7,2,5,4,17,4,59
36,"Wednesday, 25 February 2026",6:50:00 PM NZDT,6:55:00 PM NZDT,10,2,14,2,7,4,15,3,57
36,"Wednesday, 25 February 2026",6:55:00 PM NZDT,7:00:00 PM NZDT,23,0,13,0,17,1,14,1,69
36,"Wednesday, 25 February 2026",7:00:00 PM NZDT,7:05:00 PM NZDT,9,4,8,2,10,4,9,5,51
36,"Wednesday, 25 February 2026",7:05:00 PM NZDT,7:10:00 PM NZDT,7,1,6,3,10,9,16,2,54
36,"Wednesday, 25 February 2026",7:10:00 PM NZDT,7:15:00 PM NZDT,20,5,9,0,14,5,18,2,73
36,"Wednesday, 25 February 2026",7:15:00 PM NZDT,7:20:00 PM NZDT,13,4,20,3,5,2,9,4,60
36,"Wednesday, 25 February 2026",7:20:00 PM NZDT,7:25:00 PM NZDT,10,0,14,0,6,4,13,1,48
36,"Wednesday, 25 February 2026",7:25:00 PM NZDT,7:30:00 PM NZDT,8,2,8,1,13,7,11,6,56
36,"Wednesday, 25 February 2026",7:30:00 PM NZDT,7:35:00 PM NZDT,13,1,15,2,9,1,13,0,54
36,"Wednesday, 25 February 2026",7:35:00 PM NZDT,7:40:00 PM NZDT,7,0,6,0,12,5,9,6,45
36,"Wednesday, 25 February 2026",7:40:00 PM NZDT,7:45:00 PM NZDT,7,1,9,1,2,1,16,2,39
36,"Wednesday, 25 February 2026",7:45:00 PM NZDT,7:50:00 PM NZDT,9,2,5,1,7,1,12,0,37
36,"Wednesday, 25 February 2026",7:50:00 PM NZDT,7:55:00 PM NZDT,12,1,7,3,6,2,13,2,46
36,"Wednesday, 25 February 2026",7:55:00 PM NZDT,8:00:00 PM NZDT,9,3,15,3,2,2,13,4,51
36,"Wednesday, 25 February 2026",8:00:00 PM NZDT,8:05:00 PM NZDT,14,3,5,2,9,1,6,3,43
36,"Wednesday, 25 February 2026",8:05:00 PM NZDT,8:10:00 PM NZDT,9,2,7,1,6,5,15,4,49
36,"Wednesday, 25 February 2026",8:10:00 PM NZDT,8:15:00 PM NZDT,17,1,6,1,8,6,11,5,55
36,"Wednesday, 25 February 2026",8:15:00 PM NZDT,8:20:00 PM NZDT,8,2,11,2,8,1,15,1,48
36,"Wednesday, 25 February 2026",8:20:00 PM NZDT,8:25:00 PM NZDT,8,1,4,1,11,2,14,3,44
36,"Wednesday, 25 February 2026",8:25:00 PM NZDT,8:30:00 PM NZDT,5,0,16,0,5,6,12,2,46
36,"Wednesday, 25 February 2026",8:30:00 PM NZDT,8:35:00 PM NZDT,12,1,12,2,7,5,6,0,45
36,"Wednesday, 25 February 2026",8:35:00 PM NZDT,8:40:00 PM NZDT,10,2,11,0,6,3,6,2,40
36,"Wednesday, 25 February 2026",8:40:00 PM NZDT,8:45:00 PM NZDT,13,0,2,0,8,0,15,3,41
36,"Wednesday, 25 February 2026",8:45:00 PM NZDT,8:50:00 PM NZDT,13,1,8,1,5,3,9,1,41
36,"Wednesday, 25 February 2026",8:50:00 PM NZDT,8:55:00 PM NZDT,10,1,9,2,7,6,11,3,49
36,"Wednesday, 25 February 2026",8:55:00 PM NZDT,9:00:00 PM NZDT,4,0,13,1,7,2,12,2,41
36,"Wednesday, 25 February 2026",9:00:00 PM NZDT,9:05:00 PM NZDT,6,0,8,1,16,7,13,1,52
36,"Wednesday, 25 February 2026",9:05:00 PM NZDT,9:10:00 PM NZDT,7,0,16,0,18,6,6,2,55
36,"Wednesday, 25 February 2026",9:10:00 PM NZDT,9:15:00 PM NZDT,10,1,9,2,19,5,14,0,60
36,"Wednesday, 25 February 2026",9:15:00 PM NZDT,9:20:00 PM NZDT,9,2,10,1,8,4,9,0,43
36,"Wednesday, 25 February 2026",9:20:00 PM NZDT,9:25:00 PM NZDT,4,2,10,1,14,4,12,2,49
36,"Wednesday, 25 February 2026",9:25:00 PM NZDT,9:30:00 PM NZDT,4,1,9,1,8,1,8,2,34
36,"Wednesday, 25 February 2026",9:30:00 PM NZDT,9:35:00 PM NZDT,6,0,4,1,5,2,3,1,22
36,"Wednesday, 25 February 2026",9:35:00 PM NZDT,9:40:00 PM NZDT,9,4,2,0,5,1,4,3,28
36,"Wednesday, 25 February 2026",9:40:00 PM NZDT,9:45:00 PM NZDT,1,1,5,0,4,3,7,1,22
36,"Wednesday, 25 February 2026",9:45:00 PM NZDT,9:50:00 PM NZDT,3,1,8,1,5,1,4,1,24
36,"Wednesday, 25 February 2026",9:50:00 PM NZDT,9:55:00 PM NZDT,5,1,1,0,2,2,8,2,21
36,"Wednesday, 25 February 2026",9:55:00 PM NZDT,10:00:00 PM NZDT,1,2,5,0,4,3,8,2,25
36,"Wednesday, 25 February 2026",10:00:00 PM NZDT,10:05:00 PM NZDT,1,1,6,1,2,2,4,0,17
36,"Wednesday, 25 February 2026",10:05:00 PM NZDT,10:10:00 PM NZDT,1,0,0,1,6,1,5,0,14
36,"Wednesday, 25 February 2026",10:10:00 PM NZDT,10:15:00 PM NZDT,5,0,5,1,5,0,2,0,18
36,"Wednesday, 25 February 2026",10:15:00 PM NZDT,10:20:00 PM NZDT,1,1,2,0,3,0,4,1,12
36,"Wednesday, 25 February 2026",10:20:00 PM NZDT,10:25:00 PM NZDT,4,0,7,0,3,0,2,1,17
36,"Wednesday, 25 February 2026",10:25:00 PM NZDT,10:30:00 PM NZDT,5,1,1,0,5,1,5,0,18
36,"Wednesday, 25 February 2026",10:30:00 PM NZDT,10:35:00 PM NZDT,5,0,1,2,0,2,3,2,15
36,"Wednesday, 25 February 2026",10:35:00 PM NZDT,10:40:00 PM NZDT,3,0,0,0,2,2,5,1,13
36,"Wednesday, 25 February 2026",10:40:00 PM NZDT,10:45:00 PM NZDT,3,0,2,0,0,0,5,1,11
36,"Wednesday, 25 February 2026",10:45:00 PM NZDT,10:50:00 PM NZDT,1,1,3,0,4,0,4,2,15
36,"Wednesday, 25 February 2026",10:50:00 PM NZDT,10:55:00 PM NZDT,2,0,1,0,2,0,2,1,8
36,"Wednesday, 25 February 2026",10:55:00 PM NZDT,11:00:00 PM NZDT,1,0,2,1,3,0,0,0,7
36,"Wednesday, 25 February 2026",11:00:00 PM NZDT,11:05:00 PM NZDT,3,0,4,0,0,0,4,1,12
36,"Wednesday, 25 February 2026",11:05:00 PM NZDT,11:10:00 PM NZDT,4,0,3,0,1,0,3,2,13
36,"Wednesday, 25 February 2026",11:10:00 PM NZDT,11:15:00 PM NZDT,2,0,3,0,3,0,1,0,9
36,"Wednesday, 25 February 2026",11:15:00 PM NZDT,11:20:00 PM NZDT,2,0,0,1,4,1,4,0,12
36,"Wednesday, 25 February 2026",11:20:00 PM NZDT,11:25:00 PM NZDT,0,0,1,2,0,1,3,0,7
36,"Wednesday, 25 February 2026",11:25:00 PM NZDT,11:30:00 PM NZDT,1,0,1,0,3,1,2,0,8
36,"Wednesday, 25 February 2026",11:30:00 PM NZDT,11:35:00 PM NZDT,1,0,1,0,0,1,4,0,7
36,"Wednesday, 25 February 2026",11:35:00 PM NZDT,11:40:00 PM NZDT,1,0,2,4,0,1,3,0,11
36,"Wednesday, 25 February 2026",11:40:00 PM NZDT,11:45:00 PM NZDT,3,0,2,0,0,1,4,1,11
36,"Wednesday, 25 February 2026",11:45:00 PM NZDT,11:50:00 PM NZDT,2,0,2,0,2,1,1,0,8
36,"Wednesday, 25 February 2026",11:50:00 PM NZDT,11:55:00 PM NZDT,1,0,2,0,1,0,0,0,4
36,"Wednesday, 25 February 2026",11:55:00 PM NZDT,12:00:00 AM NZDT,2,0,2,0,3,0,0,0,7
